<?xml version="1.0" encoding="utf-8"?>
<databaseChangeLog
    xmlns="http://www.liquibase.org/xml/ns/dbchangelog"
    xmlns:xsi="http://www.w3.org/2001/XMLSchema-instance"
    xsi:schemaLocation="http://www.liquibase.org/xml/ns/dbchangelog http://www.liquibase.org/xml/ns/dbchangelog/dbchangelog-3.5.xsd">

    <include file="config/liquibase/changelog/00000000000000_initial_schema.xml" relativeToChangelogFile="false"/>
    <include file="config/liquibase/changelog/20180131043303_added_entity_Patient.xml" relativeToChangelogFile="false"/>
    <include file="config/liquibase/changelog/20180131043304_added_entity_PrivateDetails.xml" relativeToChangelogFile="false"/>
    <include file="config/liquibase/changelog/20180131043305_added_entity_FamilyRelationShip.xml" relativeToChangelogFile="false"/>
    <include file="config/liquibase/changelog/20180131043306_added_entity_Gender.xml" relativeToChangelogFile="false"/>
    <include file="config/liquibase/changelog/20180131045424_added_entity_HealthInsurance.xml" relativeToChangelogFile="false"/>
    <include file="config/liquibase/changelog/20180131045425_added_entity_Insurar.xml" relativeToChangelogFile="false"/>
    <include file="config/liquibase/changelog/20180202091445_added_entity_Booking.xml" relativeToChangelogFile="false"/>
    <include file="config/liquibase/changelog/20180215092436_added_entity_Country.xml" relativeToChangelogFile="false"/>
    <!-- jhipster-needle-liquibase-add-changelog - JHipster will add liquibase changelogs here -->
    <include file="config/liquibase/changelog/20180131043303_added_entity_constraints_Patient.xml" relativeToChangelogFile="false"/>
    <include file="config/liquibase/changelog/20180131043305_added_entity_constraints_FamilyRelationShip.xml" relativeToChangelogFile="false"/>
    <include file="config/liquibase/changelog/20180131045424_added_entity_constraints_HealthInsurance.xml" relativeToChangelogFile="false"/>
    <include file="config/liquibase/changelog/20180131045425_added_entity_constraints_Insurar.xml" relativeToChangelogFile="false"/>
    <include file="config/liquibase/changelog/20180202091445_added_entity_constraints_Booking.xml" relativeToChangelogFile="false"/>
    <!-- jhipster-needle-liquibase-add-constraints-changelog - JHipster will add liquibase constraints changelogs here -->
</databaseChangeLog>
