{
    "fluentMethods": true,
    "relationships": [
        {
            "relationshipName": "patient",
            "otherEntityName": "patient",
            "relationshipType": "many-to-one",
            "otherEntityField": "id"
        }
    ],
    "fields": [
        {
            "fieldName": "bookingId",
            "fieldType": "Long"
        },
        {
            "fieldName": "doctorName",
            "fieldType": "String"
        },
        {
            "fieldName": "estimateTime",
            "fieldType": "Instant"
        },
        {
            "fieldName": "date",
            "fieldType": "LocalDate"
        },
        {
            "fieldName": "tokenNumber",
            "fieldType": "Integer"
        },
        {
            "fieldName": "dateOfBooking",
            "fieldType": "LocalDate"
        },
        {
            "fieldName": "timeOfBooking",
            "fieldType": "Instant"
        },
        {
            "fieldName": "admissionNo",
            "fieldType": "Long"
        }
    ],
    "changelogDate": "20180202091445",
    "javadoc": "The Booking entity.\n@author MayaSanjeev.",
    "entityTableName": "booking",
    "dto": "mapstruct",
    "pagination": "pagination",
    "service": "serviceImpl",
    "jpaMetamodelFiltering": false,
    "microserviceName": "patientservice"
}