{
    "fluentMethods": true,
    "relationships": [
        {
            "relationshipType": "one-to-many",
            "relationshipName": "country",
            "otherEntityName": "patient",
            "otherEntityRelationshipName": "country"
        }
    ],
    "fields": [
        {
            "fieldName": "code",
            "fieldType": "String"
        },
        {
            "fieldName": "name",
            "fieldType": "String"
        },
        {
            "fieldName": "phonecode",
            "fieldType": "String"
        }
    ],
    "changelogDate": "20180215092436",
    "entityTableName": "country",
    "dto": "mapstruct",
    "pagination": "pagination",
    "service": "serviceImpl",
    "jpaMetamodelFiltering": false,
    "microserviceName": "patientservice"
}