{
    "fluentMethods": true,
    "relationships": [
        {
            "relationshipName": "patient",
            "otherEntityName": "patient",
            "relationshipType": "many-to-one",
            "otherEntityField": "id"
        }
    ],
    "fields": [
        {
            "fieldName": "relationShip",
            "fieldType": "String"
        }
    ],
    "changelogDate": "20180131043305",
    "javadoc": "The FamilyRelationShip entity.\n@author MayaSanjeev.",
    "entityTableName": "family_relation_ship",
    "dto": "mapstruct",
    "pagination": "pagination",
    "service": "serviceImpl",
    "jpaMetamodelFiltering": false,
    "microserviceName": "patientservice"
}