{
    "fluentMethods": true,
    "relationships": [
        {
            "relationshipType": "one-to-many",
            "relationshipName": "patient",
            "otherEntityName": "patient",
            "otherEntityRelationshipName": "gender"
        }
    ],
    "fields": [
        {
            "fieldName": "gender",
            "fieldType": "String"
        }
    ],
    "changelogDate": "20180131043306",
    "javadoc": "The Gender entity.\n@author MayaSanjeev.",
    "entityTableName": "gender",
    "dto": "mapstruct",
    "pagination": "pagination",
    "service": "serviceImpl",
    "jpaMetamodelFiltering": false,
    "microserviceName": "patientservice"
}