{
    "fluentMethods": true,
    "relationships": [
        {
            "relationshipName": "insurar",
            "otherEntityName": "insurar",
            "relationshipType": "many-to-one",
            "otherEntityField": "id"
        }
    ],
    "fields": [
        {
            "fieldName": "insuranceNumber",
            "fieldType": "Long"
        },
        {
            "fieldName": "expiraryDate",
            "fieldType": "LocalDate"
        }
    ],
    "changelogDate": "20180131045424",
    "javadoc": "The HealthInsurance entity.\n@author MayaSanjeev.",
    "entityTableName": "health_insurance",
    "dto": "mapstruct",
    "pagination": "pagination",
    "service": "serviceImpl",
    "jpaMetamodelFiltering": false,
    "microserviceName": "patientservice"
}