{
    "fluentMethods": true,
    "relationships": [
        {
            "relationshipName": "patient",
            "otherEntityName": "patient",
            "relationshipType": "many-to-one",
            "otherEntityField": "id"
        },
        {
            "relationshipType": "one-to-many",
            "relationshipName": "healthInsurance",
            "otherEntityName": "healthInsurance",
            "otherEntityRelationshipName": "insurar"
        }
    ],
    "fields": [
        {
            "fieldName": "insurarName",
            "fieldType": "String"
        }
    ],
    "changelogDate": "20180131045425",
    "javadoc": "The Insurar entity.\n@author MayaSanjeev.",
    "entityTableName": "insurar",
    "dto": "mapstruct",
    "pagination": "pagination",
    "service": "serviceImpl",
    "jpaMetamodelFiltering": false,
    "microserviceName": "patientservice"
}