{
    "fluentMethods": true,
    "relationships": [
        {
            "relationshipType": "one-to-one",
            "relationshipName": "privateDetails",
            "otherEntityName": "privateDetails",
            "otherEntityField": "id",
            "ownerSide": true,
            "otherEntityRelationshipName": "patient"
        },
        {
            "relationshipType": "one-to-many",
            "relationshipName": "familyRelationShip",
            "otherEntityName": "familyRelationShip",
            "otherEntityRelationshipName": "patient"
        },
        {
            "relationshipType": "one-to-many",
            "relationshipName": "insurar",
            "otherEntityName": "insurar",
            "otherEntityRelationshipName": "patient"
        },
        {
            "relationshipType": "one-to-many",
            "relationshipName": "booking",
            "otherEntityName": "booking",
            "otherEntityRelationshipName": "patient"
        },
        {
            "relationshipName": "country",
            "otherEntityName": "country",
            "relationshipType": "many-to-one",
            "otherEntityField": "id"
        },
        {
            "relationshipName": "gender",
            "otherEntityName": "gender",
            "relationshipType": "many-to-one",
            "otherEntityField": "id"
        }
    ],
    "fields": [
        {
            "fieldName": "firstName",
            "fieldType": "String",
            "fieldValidateRules": [
                "maxlength",
                "required"
            ],
            "fieldValidateRulesMaxlength": 45
        },
        {
            "fieldName": "lastName",
            "fieldType": "String"
        },
        {
            "fieldName": "dateOfBirth",
            "fieldType": "LocalDate"
        },
        {
            "fieldName": "date",
            "fieldType": "LocalDate"
        },
        {
            "fieldName": "place",
            "fieldType": "String"
        },
        {
            "fieldName": "patientId",
            "fieldType": "Integer"
        },
        {
            "fieldName": "phoneNo",
            "fieldType": "Long",
            "fieldValidateRules": [
                "required"
            ]
        }
    ],
    "changelogDate": "20180131043303",
    "javadoc": "The Patient entity.\n@author MayaSanjeev.",
    "entityTableName": "patient",
    "dto": "mapstruct",
    "pagination": "pagination",
    "service": "serviceImpl",
    "jpaMetamodelFiltering": false,
    "microserviceName": "patientservice"
}