{
    "fluentMethods": true,
    "relationships": [],
    "fields": [
        {
            "fieldName": "email",
            "fieldType": "String"
        },
        {
            "fieldName": "address",
            "fieldType": "String"
        },
        {
            "fieldName": "town",
            "fieldType": "String"
        },
        {
            "fieldName": "zipCode",
            "fieldType": "Integer"
        },
        {
            "fieldName": "socialMedia",
            "fieldType": "String"
        }
    ],
    "changelogDate": "20180131043304",
    "javadoc": "The PrivateDetails entity.\n@author MayaSanjeev.",
    "entityTableName": "private_details",
    "dto": "mapstruct",
    "pagination": "pagination",
    "service": "serviceImpl",
    "jpaMetamodelFiltering": false,
    "microserviceName": "patientservice"
}