<?xml version="1.0" encoding="utf-8"?>
<databaseChangeLog
    xmlns="http://www.liquibase.org/xml/ns/dbchangelog"
    xmlns:ext="http://www.liquibase.org/xml/ns/dbchangelog-ext"
    xmlns:xsi="http://www.w3.org/2001/XMLSchema-instance"
    xsi:schemaLocation="http://www.liquibase.org/xml/ns/dbchangelog http://www.liquibase.org/xml/ns/dbchangelog/dbchangelog-3.5.xsd
                        http://www.liquibase.org/xml/ns/dbchangelog-ext http://www.liquibase.org/xml/ns/dbchangelog/dbchangelog-ext.xsd">

    <property name="now" value="now()" dbms="h2"/>

    <property name="now" value="now()" dbms="mysql"/>
    <property name="autoIncrement" value="true"/>

    <property name="floatType" value="float4" dbms="postgresql, h2"/>
    <property name="floatType" value="float" dbms="mysql, oracle, mssql"/>

    <!--
        Added the entity Patient.
    -->
    <changeSet id="20180131043303-1" author="jhipster">
        <createTable tableName="patient">
            <column name="id" type="bigint" autoIncrement="${autoIncrement}">
                <constraints primaryKey="true" nullable="false"/>
            </column>
            <column name="first_name" type="varchar(45)">
                <constraints nullable="false" />
            </column>

            <column name="last_name" type="varchar(255)">
                <constraints nullable="true" />
            </column>

            <column name="date_of_birth" type="date">
                <constraints nullable="true" />
            </column>

            <column name="jhi_date" type="date">
                <constraints nullable="true" />
            </column>

            <column name="place" type="varchar(255)">
                <constraints nullable="true" />
            </column>

            <column name="patient_id" type="integer">
                <constraints nullable="true" />
            </column>

            <column name="phone_no" type="bigint">
                <constraints nullable="false" />
            </column>
            <column name="private_details_id" type="bigint">
                <constraints unique="true" nullable="true" />
            </column>
            <column name="country_id" type="bigint">
                <constraints nullable="true" />
            </column>

            <column name="gender_id" type="bigint">
                <constraints nullable="true" />
            </column>

            <!-- jhipster-needle-liquibase-add-column - JHipster will add columns here, do not remove-->
        </createTable>
        
    </changeSet>
    <!-- jhipster-needle-liquibase-add-changeset - JHipster will add changesets here, do not remove-->
</databaseChangeLog>
