{
  "generator-jhipster": {
    "promptValues": {
      "packageName": "com.bytatech.aayos.patientservice"
    },
    "jhipsterVersion": "4.13.1",
    "baseName": "patientservice",
    "packageName": "com.bytatech.aayos.patientservice",
    "packageFolder": "com/bytatech/aayos/patientservice",
    "serverPort": "8090",
    "authenticationType": "oauth2",
    "cacheProvider": "hazelcast",
    "enableHibernateCache": false,
    "clusteredHttpSession": false,
    "websocket": false,
    "databaseType": "sql",
    "devDatabaseType": "mysql",
    "prodDatabaseType": "mysql",
    "searchEngine": false,
    "messageBroker": false,
    "serviceDiscoveryType": "eureka",
    "buildTool": "maven",
    "enableSocialSignIn": false,
    "enableSwaggerCodegen": false,
    "jwtSecretKey": "b8a23fc0ec9114cf59fbfa624f91136cfa4da18d",
    "enableTranslation": false,
    "applicationType": "microservice",
    "testFrameworks": [],
    "jhiPrefix": "jhi",
    "clientPackageManager": "yarn",
    "skipClient": true,
    "skipUserManagement": true
  },
  "generator-jhipster-swagger-cli": {
    "apis": {
      "insuranceservice": {
        "spec": "http://192.168.43.116:8081/v2/api-docs",
        "cliTypes": [
          "back"
        ]
      }
    }
  }
}